-- phpMyAdmin SQL Dump
-- version 4.5.1
-- http://www.phpmyadmin.net
--
-- Host: localhost:3306
-- Generation Time: Jan 03, 2018 at 02:40 PM
-- Server version: 5.1.73-community
-- PHP Version: 5.5.30

SET SQL_MODE = "NO_AUTO_VALUE_ON_ZERO";
SET time_zone = "+00:00";


/*!40101 SET @OLD_CHARACTER_SET_CLIENT=@@CHARACTER_SET_CLIENT */;
/*!40101 SET @OLD_CHARACTER_SET_RESULTS=@@CHARACTER_SET_RESULTS */;
/*!40101 SET @OLD_COLLATION_CONNECTION=@@COLLATION_CONNECTION */;
/*!40101 SET NAMES utf8 */;

--
-- Database: `admin_be`
--

-- --------------------------------------------------------

--
-- Table structure for table `be_device_token`
--

CREATE TABLE `be_device_token` (
  `device_token_id` int(11) NOT NULL,
  `user_id` int(11) NOT NULL,
  `token` varchar(255) NOT NULL,
  `created` datetime NOT NULL,
  `updated` datetime NOT NULL
) ENGINE=InnoDB DEFAULT CHARSET=utf8;

--
-- Dumping data for table `be_device_token`
--

INSERT INTO `be_device_token` (`device_token_id`, `user_id`, `token`, `created`, `updated`) VALUES
(1, 37, '7495740F7D983C1A8E09F929E07F492F90371AF4EE626813BA83F3FED024D9F8', '2017-11-28 13:15:45', '2017-11-28 13:15:45'),
(2, 37, 'DF146F6DA3B6FDF06FE46C9239C671FE1E0B865B197835B3F5F2EAA8AF310FB8', '2017-11-28 16:16:19', '2017-11-28 16:16:19'),
(3, 33, 'DC366219FC984B0030F4F1128310ED1947DBE0B07654E73EF01B1FBCE876B0CE', '2017-11-28 20:10:57', '2017-11-28 20:10:57'),
(4, 10, '84D77854B3475460BE33293C181D8E73169D5915452F0AF616EFE80AF3C04FD1', '2017-12-06 15:21:39', '2017-12-06 15:21:39'),
(5, 10, 'C2373D36A0D8EFFAF83725E4EF1D308F44A40000BB59CD5EEEB1A17CC300038A', '2017-12-06 15:31:19', '2017-12-06 15:31:19'),
(6, 10, '654B9787E2BF5A3D6A2BEFB14BA3B761D7D4663BAE5AFE065CC51F3B0D49A4E4', '2017-12-07 16:50:37', '2017-12-07 16:50:37'),
(7, 39, '049BF3950AFC4D9681EE98D0F309D983EC40059B94FE77D0BF9F4BED2CBB307B', '2017-12-07 20:24:43', '2017-12-07 20:24:43'),
(8, 39, 'D7EC0978FA0628FC9A78EF9A5EE063DC79CDB4B737C9000D47AAA384B23F24FC', '2017-12-15 22:38:25', '2017-12-15 22:38:25'),
(9, 33, 'D7EC0978FA0628FC9A78EF9A5EE063DC79CDB4B737C9000D47AAA384B23F24FC', '2017-12-17 01:53:18', '2017-12-17 01:53:18');

-- --------------------------------------------------------

--
-- Table structure for table `be_expertise`
--

CREATE TABLE `be_expertise` (
  `expertise_id` int(11) NOT NULL,
  `display_name` varchar(255) NOT NULL
) ENGINE=InnoDB DEFAULT CHARSET=utf8;

--
-- Dumping data for table `be_expertise`
--

INSERT INTO `be_expertise` (`expertise_id`, `display_name`) VALUES
(1, 'Programing'),
(2, 'Cycleing'),
(3, 'Swimming'),
(4, 'Execercise');

-- --------------------------------------------------------

--
-- Table structure for table `be_friends`
--

CREATE TABLE `be_friends` (
  `friend_id` int(11) NOT NULL,
  `from_user_id` int(11) NOT NULL,
  `to_user_id` int(11) NOT NULL,
  `status` int(1) NOT NULL DEFAULT '0',
  `created` datetime NOT NULL,
  `updated` datetime NOT NULL
) ENGINE=InnoDB DEFAULT CHARSET=utf8;

--
-- Dumping data for table `be_friends`
--

INSERT INTO `be_friends` (`friend_id`, `from_user_id`, `to_user_id`, `status`, `created`, `updated`) VALUES
(1, 1, 3, 0, '2017-10-13 15:39:09', '2017-11-01 10:35:38'),
(3, 3, 2, 1, '2017-11-01 10:35:39', '2017-11-01 10:35:39'),
(4, 23, 10, 1, '2017-11-10 10:31:21', '2017-11-10 10:31:21'),
(5, 35, 10, 2, '2017-11-16 14:44:55', '2017-11-16 14:44:55'),
(6, 38, 10, 1, '2017-11-27 09:39:14', '2017-11-27 09:39:14'),
(7, 38, 17, 0, '2017-11-27 12:09:45', '2017-11-27 12:09:45'),
(8, 37, 10, 1, '2017-11-28 13:48:50', '2017-11-28 13:48:50'),
(9, 37, 11, 0, '2017-11-28 13:48:50', '2017-11-28 13:48:50'),
(10, 33, 34, 0, '2017-11-28 20:11:25', '2017-11-28 20:11:25'),
(11, 39, 33, 1, '2017-12-07 22:06:45', '2017-12-07 22:06:45'),
(12, 39, 34, 0, '2017-12-07 22:06:46', '2017-12-07 22:06:46');

-- --------------------------------------------------------

--
-- Table structure for table `be_goal`
--

CREATE TABLE `be_goal` (
  `goal_id` int(11) NOT NULL,
  `goal_type` tinyint(4) NOT NULL DEFAULT '1',
  `action_type` tinyint(2) NOT NULL DEFAULT '1',
  `user_id` int(11) NOT NULL,
  `goal_name` varchar(255) NOT NULL,
  `goal_pic` varchar(100) NOT NULL,
  `finish_line` datetime NOT NULL,
  `goal_category_id` int(11) NOT NULL,
  `created` datetime NOT NULL,
  `updated` datetime NOT NULL
) ENGINE=InnoDB DEFAULT CHARSET=utf8;

--
-- Dumping data for table `be_goal`
--

INSERT INTO `be_goal` (`goal_id`, `goal_type`, `action_type`, `user_id`, `goal_name`, `goal_pic`, `finish_line`, `goal_category_id`, `created`, `updated`) VALUES
(1, 1, 1, 1, '6 Pack', '20170925113732_WfRWR.jpg', '2018-01-01 12:00:00', 4, '2017-09-25 11:34:08', '2017-09-25 11:34:08'),
(2, 1, 1, 1, '6 Pack', '20170925113732_WfRWR.jpg', '2018-01-01 12:00:00', 4, '2017-09-25 11:37:32', '2017-09-25 11:37:32'),
(3, 1, 1, 1, '6 Pack', '20170925120051_HwAfQ.jpg', '2018-01-01 12:00:00', 4, '2017-09-25 12:00:51', '2017-09-25 12:00:51'),
(4, 1, 1, 1, '6 Pack', '20170925120141_hKf3q.jpg', '2018-01-01 12:00:00', 4, '2017-09-25 12:01:41', '2017-09-25 12:01:41'),
(5, 1, 1, 1, '6 Pack', '20170925120309_jS4DL.jpg', '2018-01-01 12:00:00', 4, '2017-09-25 12:03:09', '2017-09-25 12:03:09'),
(6, 1, 1, 1, '6 Pack', '20170925120354_Fadqq.jpg', '2018-01-01 12:00:00', 4, '2017-09-25 12:03:54', '2017-09-25 12:03:54'),
(7, 1, 1, 1, '8 Pack', '20170925120411_ZzB3L.jpg', '2018-01-01 12:00:00', 4, '2017-09-25 12:04:11', '2017-09-25 12:04:11'),
(9, 1, 1, 1, '6 Pack', '20170925125113_zE7G0.jpg', '2018-01-01 12:00:00', 4, '2017-09-25 12:51:13', '2017-09-25 12:51:13'),
(10, 1, 1, 1, '6 Pack', '20170925125809_EndcC.jpg', '2018-01-01 12:00:00', 4, '2017-09-25 12:58:09', '2017-09-25 12:58:09'),
(11, 1, 1, 1, '6.1 Pack', '20170925125817_5IC9N.jpg', '2018-01-01 12:00:00', 4, '2017-09-25 12:58:17', '2017-09-25 12:58:17'),
(12, 1, 1, 32, 'gs', '20171004145621_bZbwR.jpg', '2018-01-01 12:00:00', 1, '2017-10-04 14:56:21', '2017-10-04 14:56:21'),
(13, 1, 1, 32, 'testing', '20171005112331_82MTP.jpg', '2018-01-01 12:00:00', 1, '2017-10-05 11:23:31', '2017-10-05 11:23:31'),
(14, 1, 1, 32, 'testing', '20171012111101_obeit.jpg', '2017-10-26 00:00:00', 1, '2017-10-12 11:11:01', '2017-10-12 11:11:01'),
(15, 1, 1, 32, 'Testing', '20171012112241_5wMyh.jpg', '2017-10-26 00:00:00', 5, '2017-10-12 11:22:41', '2017-10-12 11:22:41'),
(16, 1, 1, 10, 'TestGoal1', '20171016073041_eQGSz.jpg', '1970-01-01 12:00:00', 2, '2017-10-16 07:30:41', '2017-10-16 07:30:41'),
(17, 1, 1, 10, 'testing2', '20171030065307_4QZb4.jpg', '2018-10-30 12:00:00', 1, '2017-10-30 06:53:07', '2017-10-30 06:53:07'),
(18, 1, 1, 33, 'test', '20171030150808_YfXNa.jpg', '2017-11-28 12:00:00', 5, '2017-10-30 15:08:08', '2017-10-30 15:08:08'),
(19, 1, 1, 33, 'superhero ', '20171030165810_75KXR.jpg', '2017-11-15 12:00:00', 4, '2017-10-30 16:58:10', '2017-10-30 16:58:10'),
(20, 1, 1, 33, 'a star', '20171030174637_gifyO.jpg', '2018-07-11 12:00:00', 1, '2017-10-30 17:46:37', '2017-10-30 17:46:37'),
(21, 1, 1, 33, 'rockstar ', '20171030184942_Yj1jM.jpg', '2017-12-28 12:00:00', 5, '2017-10-30 18:49:42', '2017-10-30 18:49:42'),
(22, 1, 1, 23, 'HWTest1', '20171102152118_DI4X0.jpg', '2018-11-02 12:00:00', 2, '2017-11-02 15:21:18', '2017-11-02 15:21:18'),
(23, 1, 1, 23, 'HW2', '20171102152559_sZCUF.jpg', '2018-11-02 12:00:00', 1, '2017-11-02 15:25:59', '2017-11-02 15:25:59'),
(24, 1, 1, 33, 'Batman', '20171102164820_fztBL.jpg', '2026-09-02 12:00:00', 4, '2017-11-02 16:48:20', '2017-11-02 16:48:20'),
(25, 2, 1, 1, 'Only I can change my life. No one can do it for me.', '20171115151522_xKgqO.png', '2017-11-15 15:15:22', 1, '2017-11-15 15:15:22', '2017-11-15 15:15:22'),
(26, 1, 1, 1, 'Only I can change my life. No one can do it for me.', '20171115151858_FTOEG.jpg', '2018-01-01 12:00:00', 1, '2017-11-15 15:18:58', '2017-11-15 15:18:58'),
(27, 2, 1, 23, 'Testing!', 'default.jpg', '2017-11-16 10:46:44', 1, '2017-11-16 10:46:44', '2017-11-16 10:46:44'),
(28, 2, 1, 10, 'testingWithImg', '20171116105852_hFBu7.jpg', '2017-11-16 10:58:52', 1, '2017-11-16 10:58:52', '2017-11-16 10:58:52'),
(29, 2, 1, 10, 'going to test it', '20171116125748_NZ40j.jpg', '2017-11-16 12:57:48', 1, '2017-11-16 12:57:48', '2017-11-16 12:57:48'),
(30, 1, 1, 10, 'testingGoal', '20171116134614_ZknQv.jpg', '2017-12-16 12:00:00', 5, '2017-11-16 13:46:14', '2017-11-16 13:46:14'),
(31, 1, 1, 10, 'goal3', '20171116134935_VtyTf.jpg', '2017-12-19 12:00:00', 6, '2017-11-16 13:49:35', '2017-11-16 13:49:35'),
(32, 1, 1, 10, 'goingto', '20171116140200_hwJ3o.jpg', '2017-12-18 12:00:00', 2, '2017-11-16 14:02:00', '2017-11-16 14:02:00'),
(33, 1, 1, 10, 'testing123', '20171116143555_yAROq.jpg', '2017-12-22 12:00:00', 3, '2017-11-16 14:35:55', '2017-11-16 14:35:55'),
(34, 2, 1, 23, 'I have only tip, never quite ', '20171117120817_nKwWK.jpg', '2017-11-17 12:08:17', 1, '2017-11-17 12:08:17', '2017-11-17 12:08:17'),
(35, 2, 1, 23, 'I have only tip, never quite ', '20171117121058_ZkwmF.jpg', '2017-11-17 12:10:58', 1, '2017-11-17 12:10:58', '2017-11-17 12:10:58'),
(36, 1, 1, 23, 'Daily Book Reading ', '20171117121532_zN94L.jpg', '2018-11-17 12:00:00', 1, '2017-11-17 12:15:32', '2017-11-17 12:15:32'),
(37, 1, 1, 35, 'testingDev', '20171117133119_QWTDn.jpg', '2017-12-17 12:00:00', 1, '2017-11-17 13:31:19', '2017-11-17 13:31:19'),
(38, 1, 1, 37, 'test', '20171128152620_dCXln.jpg', '2019-11-28 12:00:00', 2, '2017-11-28 15:26:20', '2017-11-28 15:26:20'),
(39, 1, 1, 10, 'Hero', '20171206152319_TC2qw.jpg', '2018-12-06 12:00:00', 4, '2017-12-06 15:23:19', '2017-12-06 15:23:19'),
(40, 1, 1, 10, 'Jora', '20171207165841_Mt67N.jpg', '2017-12-07 12:00:00', 2, '2017-12-07 16:58:41', '2017-12-07 16:58:41'),
(41, 1, 1, 39, 'bhhhh', '20171207211434_RiCyi.jpg', '2017-12-07 12:00:00', 2, '2017-12-07 21:14:34', '2017-12-07 21:14:34'),
(42, 2, 1, 39, ' just created my first goal', '', '2017-12-07 21:22:28', 1, '2017-12-07 21:22:28', '2017-12-07 21:22:28'),
(43, 1, 1, 33, 'test32', '20171208224210_CBvC2.jpg', '2017-12-08 12:00:00', 4, '2017-12-08 22:42:10', '2017-12-08 22:42:10'),
(44, 1, 1, 39, 'photographer', '20171208230243_9NtvU.jpg', '2017-06-08 12:00:00', 1, '2017-12-08 23:02:43', '2017-12-08 23:02:43'),
(45, 1, 1, 39, 'Be artist', '20171214174553_Oewm9.jpg', '2017-01-17 12:00:00', 1, '2017-12-14 17:45:53', '2017-12-14 17:45:53'),
(46, 2, 1, 35, 'testin', '20171215193106_7FIoA.jpg', '2017-12-15 19:31:06', 1, '2017-12-15 19:31:06', '2017-12-15 19:31:06'),
(47, 1, 1, 39, 'Be test12', '20171215230317_blFRz.jpg', '2017-02-18 12:00:00', 5, '2017-12-15 23:03:17', '2017-12-15 23:03:17'),
(48, 2, 1, 33, 'we are almost there', '20171218190430_e6Bt2.jpg', '2017-12-18 19:04:30', 1, '2017-12-18 19:04:30', '2017-12-18 19:04:30'),
(49, 2, 1, 33, 'we are almost there', '', '2017-12-18 19:04:40', 1, '2017-12-18 19:04:40', '2017-12-18 19:04:40');

-- --------------------------------------------------------

--
-- Table structure for table `be_goal_category`
--

CREATE TABLE `be_goal_category` (
  `goal_category_id` int(11) NOT NULL,
  `goal_category` varchar(255) NOT NULL
) ENGINE=InnoDB DEFAULT CHARSET=utf8;

--
-- Dumping data for table `be_goal_category`
--

INSERT INTO `be_goal_category` (`goal_category_id`, `goal_category`) VALUES
(1, 'Career'),
(2, 'Education'),
(3, 'Financial'),
(4, 'Health/Fitness'),
(5, 'Lifestyle'),
(6, 'Relationships');

-- --------------------------------------------------------

--
-- Table structure for table `be_goal_invitation`
--

CREATE TABLE `be_goal_invitation` (
  `goal_invitation_id` int(11) NOT NULL,
  `goal_id` int(11) NOT NULL,
  `owner_id` int(11) NOT NULL,
  `user_id` int(11) NOT NULL,
  `status` int(11) NOT NULL,
  `created` datetime NOT NULL,
  `updated` datetime NOT NULL
) ENGINE=InnoDB DEFAULT CHARSET=utf8;

--
-- Dumping data for table `be_goal_invitation`
--

INSERT INTO `be_goal_invitation` (`goal_invitation_id`, `goal_id`, `owner_id`, `user_id`, `status`, `created`, `updated`) VALUES
(1, 1, 1, 2, 0, '2017-10-27 15:53:51', '2017-10-27 15:53:51'),
(2, 3, 1, 2, 1, '2017-10-27 15:53:51', '2017-10-27 15:53:51'),
(3, 1, 1, 3, 0, '2017-10-30 09:21:06', '2017-10-30 09:21:06'),
(4, 16, 10, 1, 0, '2017-10-30 12:12:44', '2017-10-30 12:12:44'),
(5, 16, 10, 2, 0, '2017-10-30 12:12:44', '2017-10-30 12:12:44'),
(6, 19, 33, 1, 0, '2017-10-30 17:47:31', '2017-10-30 17:47:31'),
(7, 22, 23, 10, 1, '2017-11-02 15:22:45', '2017-11-02 15:22:45'),
(8, 23, 23, 10, 1, '2017-11-02 15:27:47', '2017-11-02 15:27:47'),
(9, 24, 33, 10, 1, '2017-11-02 16:51:07', '2017-11-02 16:51:07'),
(10, 24, 33, 8, 0, '2017-11-02 16:51:07', '2017-11-02 16:51:07'),
(11, 24, 33, 11, 0, '2017-11-02 16:51:07', '2017-11-02 16:51:07'),
(12, 16, 10, 8, 0, '2017-11-10 10:46:36', '2017-11-10 10:46:36'),
(13, 30, 10, 1, 0, '2017-11-16 13:48:44', '2017-11-16 13:48:44'),
(14, 30, 10, 2, 0, '2017-11-16 13:48:44', '2017-11-16 13:48:44'),
(15, 30, 10, 3, 0, '2017-11-16 13:48:44', '2017-11-16 13:48:44'),
(16, 30, 10, 4, 0, '2017-11-16 13:48:44', '2017-11-16 13:48:44'),
(17, 30, 10, 5, 0, '2017-11-16 13:48:44', '2017-11-16 13:48:44'),
(18, 30, 10, 6, 0, '2017-11-16 13:48:44', '2017-11-16 13:48:44'),
(19, 30, 10, 7, 0, '2017-11-16 13:48:44', '2017-11-16 13:48:44'),
(20, 30, 10, 8, 0, '2017-11-16 13:48:44', '2017-11-16 13:48:44'),
(21, 30, 10, 9, 0, '2017-11-16 13:48:44', '2017-11-16 13:48:44'),
(22, 30, 10, 11, 0, '2017-11-16 13:48:44', '2017-11-16 13:48:44'),
(23, 30, 10, 12, 0, '2017-11-16 13:48:44', '2017-11-16 13:48:44'),
(24, 30, 10, 14, 0, '2017-11-16 13:48:44', '2017-11-16 13:48:44'),
(25, 30, 10, 13, 0, '2017-11-16 13:48:44', '2017-11-16 13:48:44'),
(26, 30, 10, 15, 0, '2017-11-16 13:48:44', '2017-11-16 13:48:44'),
(27, 30, 10, 17, 0, '2017-11-16 13:48:44', '2017-11-16 13:48:44'),
(28, 30, 10, 16, 0, '2017-11-16 13:48:44', '2017-11-16 13:48:44'),
(29, 30, 10, 18, 0, '2017-11-16 13:48:44', '2017-11-16 13:48:44'),
(30, 30, 10, 19, 0, '2017-11-16 13:48:44', '2017-11-16 13:48:44'),
(31, 30, 10, 20, 0, '2017-11-16 13:48:44', '2017-11-16 13:48:44'),
(32, 30, 10, 21, 0, '2017-11-16 13:48:44', '2017-11-16 13:48:44'),
(33, 37, 35, 10, 1, '2017-11-22 11:51:35', '2017-11-22 11:51:35'),
(34, 41, 39, 33, 1, '2017-12-07 23:08:24', '2017-12-07 23:08:24'),
(35, 41, 39, 34, 0, '2017-12-07 23:08:24', '2017-12-07 23:08:24'),
(36, 20, 33, 39, 0, '2017-12-15 23:20:17', '2017-12-15 23:20:17');

-- --------------------------------------------------------

--
-- Table structure for table `be_goal_like`
--

CREATE TABLE `be_goal_like` (
  `like_id` int(11) NOT NULL,
  `goal_id` int(11) NOT NULL,
  `user_id` int(11) NOT NULL,
  `created` datetime NOT NULL
) ENGINE=InnoDB DEFAULT CHARSET=utf8;

--
-- Dumping data for table `be_goal_like`
--

INSERT INTO `be_goal_like` (`like_id`, `goal_id`, `user_id`, `created`) VALUES
(1, 1, 1, '2017-10-13 14:55:06'),
(2, 2, 1, '2017-10-13 14:55:29'),
(3, 3, 1, '2017-10-13 14:55:32'),
(4, 4, 1, '2017-10-13 14:55:36'),
(5, 4, 2, '2017-10-13 14:55:39'),
(6, 5, 2, '2017-10-13 14:55:43'),
(7, 6, 2, '2017-10-13 14:55:47'),
(8, 6, 3, '2017-10-13 14:55:50'),
(9, 6, 32, '2017-10-13 14:55:54'),
(10, 6, 10, '2017-10-13 15:32:37'),
(11, 6, 11, '2017-10-13 15:33:00'),
(12, 6, 12, '2017-10-13 15:34:01'),
(13, 6, 15, '2017-10-13 15:35:05'),
(14, 36, 10, '2017-11-28 13:03:25'),
(15, 41, 39, '2017-12-07 22:01:39'),
(16, 40, 10, '2017-12-14 13:58:10'),
(17, 45, 39, '2017-12-15 22:38:49'),
(18, 47, 33, '2017-12-15 23:08:34');

-- --------------------------------------------------------

--
-- Table structure for table `be_goal_steps`
--

CREATE TABLE `be_goal_steps` (
  `goal_step_id` bigint(20) NOT NULL,
  `stride_id` int(11) NOT NULL,
  `user_id` int(11) NOT NULL,
  `title` text NOT NULL,
  `created` datetime NOT NULL,
  `updated` datetime NOT NULL
) ENGINE=InnoDB DEFAULT CHARSET=utf8 ROW_FORMAT=COMPACT;

--
-- Dumping data for table `be_goal_steps`
--

INSERT INTO `be_goal_steps` (`goal_step_id`, `stride_id`, `user_id`, `title`, `created`, `updated`) VALUES
(2, 1, 1, 'test step', '2017-10-09 00:00:00', '2017-10-09 00:00:00'),
(3, 3, 1, 'new test in stride test', '2017-10-09 14:17:40', '2017-10-09 14:17:40'),
(4, 3, 1, 'new test in stride test new test', '2017-10-10 08:59:58', '2017-10-10 08:59:58'),
(6, 3, 10, 'Fghjghjf', '2017-10-11 09:51:12', '2017-10-11 09:51:12'),
(7, 3, 32, 'Test', '2017-10-12 11:19:04', '2017-10-12 11:19:04'),
(8, 7, 1, 'testing1', '2017-10-12 11:46:26', '2017-10-12 11:46:26'),
(9, 7, 1, 'testing2', '2017-10-12 11:46:26', '2017-10-12 11:46:26'),
(10, 7, 1, 'new test1', '2017-10-12 11:47:57', '2017-10-12 11:47:57'),
(11, 7, 1, 'new test2', '2017-10-12 11:47:57', '2017-10-12 11:47:57'),
(12, 9, 1, 'testing3', '2017-10-12 12:25:22', '2017-10-12 12:25:22'),
(13, 9, 1, 'testing4', '2017-10-12 12:25:22', '2017-10-12 12:25:22'),
(14, 10, 32, 'Step1', '2017-10-12 13:01:08', '2017-10-12 13:01:08'),
(15, 10, 32, 'Step2', '2017-10-12 13:01:08', '2017-10-12 13:01:08'),
(16, 10, 32, 'Step3', '2017-10-12 13:01:08', '2017-10-12 13:01:08'),
(17, 11, 32, 'Step2', '2017-10-12 13:12:18', '2017-10-12 13:12:18'),
(18, 3, 32, 'Step3', '2017-10-12 13:15:29', '2017-10-12 13:15:29'),
(19, 3, 10, 'Step 2', '2017-10-12 14:22:06', '2017-10-12 14:22:06'),
(20, 3, 10, 'Test 2 Step', '2017-10-12 14:23:38', '2017-10-12 14:23:38'),
(21, 12, 32, 'Test', '2017-10-12 14:42:05', '2017-10-12 14:42:05'),
(22, 12, 32, 'Test 2', '2017-10-12 14:42:05', '2017-10-12 14:42:05'),
(23, 14, 32, 'Test', '2017-10-12 15:40:22', '2017-10-12 15:40:22'),
(24, 15, 32, 'Test', '2017-10-12 15:42:21', '2017-10-12 15:42:21'),
(25, 3, 32, 'Setp1', '2017-10-16 07:25:08', '2017-10-16 07:25:08'),
(26, 17, 10, 'Step1', '2017-10-16 07:43:11', '2017-10-16 07:43:11'),
(27, 17, 10, 'Step2', '2017-10-16 07:43:11', '2017-10-16 07:43:11'),
(28, 3, 10, 'Step3', '2017-10-16 07:45:45', '2017-10-16 07:45:45'),
(29, 3, 10, 'Step33', '2017-10-16 07:46:16', '2017-10-16 07:46:16'),
(30, 3, 10, 'Q10', '2017-10-16 08:06:40', '2017-10-16 08:06:40'),
(31, 3, 10, 'Q22', '2017-10-16 08:28:12', '2017-10-16 08:28:12'),
(32, 17, 10, 'Q33', '2017-10-16 08:37:18', '2017-10-16 08:37:18'),
(33, 20, 10, 'Q22', '2017-10-16 11:21:32', '2017-10-16 11:21:32'),
(34, 20, 10, 'Q33', '2017-10-16 11:21:50', '2017-10-16 11:21:50'),
(35, 20, 10, 'Q44', '2017-10-16 12:03:46', '2017-10-16 12:03:46'),
(36, 20, 10, 'Q55', '2017-10-16 12:04:31', '2017-10-16 12:04:31'),
(37, 20, 10, 'Q66', '2017-10-16 12:06:34', '2017-10-16 12:06:34'),
(38, 20, 10, 'Q77', '2017-10-16 12:07:00', '2017-10-16 12:07:00'),
(39, 21, 10, 'Q11', '2017-10-30 06:57:17', '2017-10-30 06:57:17'),
(40, 21, 10, 'Q22', '2017-10-30 06:57:17', '2017-10-30 06:57:17'),
(41, 21, 10, 'Q33', '2017-10-30 06:57:17', '2017-10-30 06:57:17'),
(44, 24, 10, 'Q22', '2017-10-30 08:11:47', '2017-10-30 08:11:47'),
(45, 25, 10, 'A11', '2017-10-30 08:39:24', '2017-10-30 08:39:24'),
(46, 25, 10, 'A22', '2017-10-30 08:39:24', '2017-10-30 08:39:24'),
(47, 24, 10, 'W44', '2017-10-30 09:13:59', '2017-10-30 09:13:59'),
(48, 24, 10, 'W55', '2017-10-30 09:20:48', '2017-10-30 09:20:48'),
(49, 23, 10, 'Q333', '2017-10-30 13:06:58', '2017-11-08 12:03:04'),
(50, 23, 10, 'Q222', '2017-10-30 13:07:13', '2017-11-08 12:22:02'),
(51, 30, 33, 'Setup meeting ', '2017-10-30 18:57:34', '2017-10-30 18:57:34'),
(52, 30, 33, 'Do video interview ', '2017-10-30 18:57:34', '2017-10-30 18:57:34'),
(53, 31, 23, 'Q11', '2017-11-02 15:22:23', '2017-11-02 15:22:23'),
(54, 31, 23, 'Z11', '2017-11-02 15:22:23', '2017-11-02 15:22:23'),
(55, 32, 23, 'Fqq', '2017-11-02 15:24:17', '2017-11-02 15:24:17'),
(56, 33, 23, 'G11', '2017-11-02 15:28:09', '2017-11-02 15:28:09'),
(57, 34, 33, 'Get money ', '2017-11-02 16:50:37', '2017-11-02 16:50:37'),
(58, 34, 33, 'Look online', '2017-11-02 16:50:37', '2017-11-02 16:50:37'),
(59, 22, 10, 'Q11', '2017-11-08 11:26:35', '2017-11-08 11:26:35'),
(60, 35, 35, 'Tqq', '2017-11-22 11:57:38', '2017-11-22 11:57:38'),
(61, 36, 33, 'Test 12', '2017-11-30 02:36:25', '2017-11-30 02:36:25'),
(62, 37, 10, 'Buy face wash', '2017-12-06 15:24:06', '2017-12-06 15:24:06'),
(63, 37, 10, 'Use everyday', '2017-12-06 15:24:06', '2017-12-06 15:24:06'),
(64, 38, 10, 'Nice ', '2017-12-07 10:42:53', '2017-12-07 10:42:53'),
(65, 38, 10, 'Test', '2017-12-07 16:57:25', '2017-12-07 16:57:25'),
(66, 41, 10, 'Tedt', '2017-12-07 16:59:01', '2017-12-07 16:59:01'),
(67, 37, 10, 'Test', '2017-12-07 17:19:37', '2017-12-07 17:19:37'),
(68, 43, 39, 'Test12', '2017-12-07 21:24:04', '2017-12-07 21:24:04'),
(69, 44, 39, 'Steps2', '2017-12-07 21:24:47', '2017-12-07 21:24:47'),
(70, 45, 39, 'YouTube videos', '2017-12-14 17:47:37', '2017-12-14 17:47:37'),
(71, 45, 39, 'Buy supplies ', '2017-12-14 17:47:37', '2017-12-14 17:47:37'),
(72, 46, 39, 'Look at class catalogs', '2017-12-14 17:49:12', '2017-12-14 17:49:12'),
(73, 46, 39, 'Check calendar ', '2017-12-14 17:49:23', '2017-12-14 17:49:23'),
(74, 47, 35, 'AAA', '2017-12-14 19:30:58', '2017-12-14 19:30:58'),
(75, 48, 35, 'DDD', '2017-12-15 18:18:28', '2017-12-15 18:18:28'),
(76, 49, 39, 'Step 1 ', '2017-12-15 22:40:16', '2017-12-15 22:40:16'),
(77, 49, 39, 'Step 2', '2017-12-15 22:40:16', '2017-12-15 22:40:16'),
(78, 50, 33, 'Step name 1', '2017-12-15 23:19:34', '2017-12-15 23:19:34');

-- --------------------------------------------------------

--
-- Table structure for table `be_goal_stride`
--

CREATE TABLE `be_goal_stride` (
  `goal_stride_id` int(11) NOT NULL,
  `goal_id` int(11) NOT NULL,
  `user_id` int(11) NOT NULL,
  `title` text NOT NULL,
  `finish_line` datetime NOT NULL,
  `created` datetime NOT NULL,
  `updated` datetime NOT NULL
) ENGINE=InnoDB DEFAULT CHARSET=utf8;

--
-- Dumping data for table `be_goal_stride`
--

INSERT INTO `be_goal_stride` (`goal_stride_id`, `goal_id`, `user_id`, `title`, `finish_line`, `created`, `updated`) VALUES
(1, 1, 1, 'test test stride', '2017-10-26 00:00:00', '2017-10-09 00:00:00', '2017-10-10 09:43:20'),
(3, 1, 1, 'new test', '2018-01-01 12:00:00', '2017-10-09 14:07:11', '2017-10-09 14:07:11'),
(4, 1, 1, 'new test', '2017-01-01 12:00:00', '2017-10-12 11:40:52', '2017-10-12 11:40:52'),
(5, 1, 1, 'new test1', '2018-01-01 12:00:00', '2017-10-12 11:43:26', '2017-10-12 11:43:26'),
(6, 1, 1, 'new test2', '2018-01-01 12:00:00', '2017-10-12 11:44:56', '2017-10-12 11:44:56'),
(7, 1, 1, 'test test stride new test', '2017-10-26 00:00:00', '2017-10-12 11:46:26', '2017-10-12 11:47:57'),
(8, 1, 1, 'new test3', '2018-01-01 12:00:00', '2017-10-12 12:25:06', '2017-10-12 12:25:06'),
(9, 1, 1, 'new test3', '2018-01-01 12:00:00', '2017-10-12 12:25:22', '2017-10-12 12:25:22'),
(10, 11, 32, 'Stride1', '2017-10-26 00:00:00', '2017-10-12 13:01:08', '2017-10-12 13:01:08'),
(11, 2, 32, 'Stride23', '2017-12-12 12:00:00', '2017-10-12 13:12:18', '2017-10-12 13:12:18'),
(12, 15, 32, 'test', '2019-12-14 12:00:00', '2017-10-12 14:42:05', '2017-10-12 14:42:05'),
(13, 15, 32, 'test2', '2017-12-12 12:00:00', '2017-10-12 14:43:17', '2017-10-12 14:43:17'),
(14, 15, 32, 'test 3', '2017-12-12 12:00:00', '2017-10-12 15:40:22', '2017-10-12 15:40:22'),
(15, 15, 32, 'test 4', '2017-12-12 12:00:00', '2017-10-12 15:42:21', '2017-10-12 15:42:21'),
(16, 15, 32, 'test 5', '2017-12-12 12:00:00', '2017-10-12 15:51:23', '2017-10-12 15:51:23'),
(21, 17, 10, 'stride11', '2018-10-30 12:00:00', '2017-10-30 06:57:17', '2017-10-30 06:57:17'),
(22, 17, 10, 'stride22', '2018-10-30 12:00:00', '2017-10-30 07:49:08', '2017-10-30 07:49:08'),
(23, 16, 10, 'Test111', '2019-10-30 12:00:00', '2017-10-30 08:10:53', '2017-10-30 13:07:18'),
(24, 16, 10, 't22', '2018-10-30 12:00:00', '2017-10-30 08:11:47', '2017-10-30 08:11:47'),
(30, 21, 33, 'learn from Alex', '2017-02-28 12:00:00', '2017-10-30 18:57:34', '2017-10-30 18:57:34'),
(31, 22, 23, 'hw1', '2018-11-02 12:00:00', '2017-11-02 15:22:23', '2017-11-02 15:22:23'),
(32, 22, 23, 'test11', '2019-11-02 12:00:00', '2017-11-02 15:24:17', '2017-11-02 15:24:17'),
(33, 23, 23, 'testing', '2020-11-02 12:00:00', '2017-11-02 15:28:09', '2017-11-02 15:28:09'),
(34, 24, 33, 'sneakers ', '2017-01-02 12:00:00', '2017-11-02 16:50:37', '2017-11-02 16:50:37'),
(35, 37, 35, 'testing', '2018-11-22 12:00:00', '2017-11-22 11:57:38', '2017-11-22 11:57:38'),
(36, 19, 33, 'test', '2017-11-29 12:00:00', '2017-11-30 02:36:25', '2017-11-30 02:36:25'),
(37, 39, 10, 'Clean Face', '2017-03-06 12:00:00', '2017-12-06 15:24:06', '2017-12-07 17:19:42'),
(39, 39, 10, 'Again wash face', '2017-02-07 12:00:00', '2017-12-07 16:53:42', '2017-12-07 16:53:42'),
(40, 33, 10, 'Test', '2017-04-07 12:00:00', '2017-12-07 16:57:08', '2017-12-07 16:57:08'),
(41, 40, 10, 'trst', '2017-12-07 12:00:00', '2017-12-07 16:59:01', '2017-12-07 16:59:01'),
(42, 39, 10, 'test', '2017-12-07 12:00:00', '2017-12-07 17:19:58', '2017-12-07 17:19:58'),
(43, 41, 39, 'testStride1', '2017-12-07 12:00:00', '2017-12-07 21:23:39', '2017-12-07 21:24:17'),
(44, 41, 39, 'testStride3', '2017-02-07 12:00:00', '2017-12-07 21:24:47', '2017-12-07 21:24:47'),
(45, 45, 39, 'learn to paint', '2017-12-20 12:00:00', '2017-12-14 17:47:37', '2017-12-14 17:49:40'),
(46, 45, 39, 'enroll in art course', '2017-12-31 12:00:00', '2017-12-14 17:48:34', '2017-12-14 17:49:48'),
(47, 37, 35, 'Testing123', '2018-12-15 12:00:00', '2017-12-14 19:30:58', '2017-12-14 19:30:58'),
(48, 37, 35, 'Test2', '2018-12-15 12:00:00', '2017-12-15 18:18:28', '2017-12-15 18:18:28'),
(49, 44, 39, 'test12', '2017-12-18 12:00:00', '2017-12-15 22:40:16', '2017-12-15 22:40:26'),
(50, 20, 33, 'stride name', '2017-12-19 12:00:00', '2017-12-15 23:19:34', '2017-12-15 23:19:34');

-- --------------------------------------------------------

--
-- Table structure for table `be_goal_team`
--

CREATE TABLE `be_goal_team` (
  `goal_team_id` int(11) NOT NULL,
  `goal_id` int(11) NOT NULL,
  `user_id` int(11) NOT NULL,
  `approval_status` int(1) NOT NULL DEFAULT '0',
  `created` datetime NOT NULL,
  `updated` datetime NOT NULL
) ENGINE=InnoDB DEFAULT CHARSET=utf8;

--
-- Dumping data for table `be_goal_team`
--

INSERT INTO `be_goal_team` (`goal_team_id`, `goal_id`, `user_id`, `approval_status`, `created`, `updated`) VALUES
(1, 1, 2, 1, '2017-09-26 11:52:55', '2017-09-26 11:52:55'),
(2, 1, 35, 0, '2017-09-26 11:52:55', '2017-09-26 11:52:55'),
(3, 1, 4, 0, '2017-09-26 11:52:55', '2017-09-26 11:52:55'),
(4, 12, 32, 0, '2017-10-04 14:56:21', '2017-10-04 14:56:21'),
(5, 13, 32, 0, '2017-10-05 11:23:31', '2017-10-05 11:23:31'),
(6, 12, 2, 0, '2017-10-09 14:55:48', '2017-10-09 14:55:48'),
(7, 12, 35, 0, '2017-10-09 14:55:48', '2017-10-09 14:55:48'),
(8, 12, 4, 0, '2017-10-09 14:55:48', '2017-10-09 14:55:48'),
(9, 14, 32, 0, '2017-10-12 11:11:01', '2017-10-12 11:11:01'),
(10, 15, 32, 0, '2017-10-12 11:22:41', '2017-10-12 11:22:41'),
(11, 16, 10, 0, '2017-10-16 07:30:41', '2017-10-16 07:30:41'),
(12, 17, 10, 0, '2017-10-30 06:53:07', '2017-10-30 06:53:07'),
(13, 18, 33, 0, '2017-10-30 15:08:08', '2017-10-30 15:08:08'),
(14, 19, 33, 0, '2017-10-30 16:58:10', '2017-10-30 16:58:10'),
(15, 20, 33, 0, '2017-10-30 17:46:37', '2017-10-30 17:46:37'),
(16, 21, 33, 0, '2017-10-30 18:49:42', '2017-10-30 18:49:42'),
(17, 22, 23, 0, '2017-11-02 15:21:18', '2017-11-02 15:21:18'),
(18, 23, 23, 0, '2017-11-02 15:25:59', '2017-11-02 15:25:59'),
(19, 24, 33, 0, '2017-11-02 16:48:20', '2017-11-02 16:48:20'),
(20, 26, 1, 0, '2017-11-15 15:18:58', '2017-11-15 15:18:58'),
(21, 30, 10, 0, '2017-11-16 13:46:14', '2017-11-16 13:46:14'),
(22, 31, 10, 0, '2017-11-16 13:49:35', '2017-11-16 13:49:35'),
(23, 32, 10, 0, '2017-11-16 14:02:00', '2017-11-16 14:02:00'),
(24, 33, 10, 0, '2017-11-16 14:35:55', '2017-11-16 14:35:55'),
(25, 36, 23, 0, '2017-11-17 12:15:32', '2017-11-17 12:15:32'),
(26, 37, 35, 0, '2017-11-17 13:31:19', '2017-11-17 13:31:19'),
(27, 38, 37, 0, '2017-11-28 15:26:21', '2017-11-28 15:26:21'),
(28, 39, 10, 0, '2017-12-06 15:23:19', '2017-12-06 15:23:19'),
(29, 40, 10, 0, '2017-12-07 16:58:41', '2017-12-07 16:58:41'),
(30, 41, 39, 0, '2017-12-07 21:14:34', '2017-12-07 21:14:34'),
(31, 43, 33, 0, '2017-12-08 22:42:10', '2017-12-08 22:42:10'),
(32, 44, 39, 0, '2017-12-08 23:02:43', '2017-12-08 23:02:43'),
(33, 45, 39, 0, '2017-12-14 17:45:54', '2017-12-14 17:45:54'),
(34, 47, 39, 0, '2017-12-15 23:03:17', '2017-12-15 23:03:17');

-- --------------------------------------------------------

--
-- Table structure for table `be_group_message`
--

CREATE TABLE `be_group_message` (
  `msg_id` int(11) NOT NULL,
  `goal_id` int(11) NOT NULL,
  `user_id` int(11) NOT NULL,
  `type` tinyint(1) NOT NULL DEFAULT '0',
  `msg` text NOT NULL,
  `created` datetime NOT NULL
) ENGINE=InnoDB DEFAULT CHARSET=utf8;

--
-- Dumping data for table `be_group_message`
--

INSERT INTO `be_group_message` (`msg_id`, `goal_id`, `user_id`, `type`, `msg`, `created`) VALUES
(1, 1, 1, 0, 'Hey', '2017-11-20 15:44:33'),
(2, 1, 1, 0, 'Hey, \r\nGood morning', '2017-11-20 15:45:31'),
(3, 1, 2, 0, 'Hey, \r\nGood morning', '2017-11-20 15:45:44'),
(4, 32, 10, 0, 'testing', '2017-11-21 13:33:48'),
(5, 37, 35, 0, 'testdjdjdndj dhdjdjd dhdjdjd dhdjdjd shdjjd dhdjdjd djdjdjd dhdjdjd shdjdjdbf djdjd', '2017-11-22 11:48:11'),
(6, 32, 10, 0, 'z', '2017-11-22 12:03:55'),
(7, 32, 10, 0, 'z', '2017-11-22 12:04:02'),
(8, 32, 10, 0, 'z', '2017-11-22 12:04:17'),
(9, 37, 35, 0, ' hhhhhh hhggh hhjjjuj hgvnhrf bruhj vgh   thhjh ggnhm', '2017-11-22 14:14:36'),
(10, 37, 35, 0, ' hhhhhh hhggh hhjjjuj hgvnhrf bruhj vgh   thhjh ggnhmhhh hhghbj hhnjjh hgbnjyfh frfgh gdbhhfbgtfvht yth', '2017-11-22 14:14:55'),
(11, 37, 35, 0, ' hhhhhh hhggh hhjjjuj hgvnhrf bruhj vgh   thhjh ggnhmhhh hhghbj hhnjjh hgbnjyfh frfgh gdbhhfbgtfvht ythbbh hhghhyfb ffvhyfv cryhvth   fhjhhhhghb  bfhhvtyujhjhu hfbjh gfhhtfbg fdvniyrr bytyio', '2017-11-22 14:15:26'),
(12, 32, 10, 0, 'fgsdfgfg sdfg drag drag dfsgdhg Jiddah Josh’s jogs jkgdhs jkghsdjkgh Josh’s Josh’s jkhsgjk hdfsjkgh adjugé jksdhg jksdhgjkhsjkgh jkshgjk adagio shdjk fg Hilary Judah gjksdhg jshgjk hsjkghjks highest jkshgjkhsjkgh jksgjkdhgjkhiugh ajkiiuwu8934y hfkar834 78ajkfhadjks fjahy784 dfjkdhsfjkahs f89ae fsdfjkdhsfe9 ffiudshfae89fiushf89ayf8hiu8ahfa89fsdfsdjkdshf8er9fshfdjksufhyer89fkjdjk jkshjk.   jksdhjkds gjkhsjkghkshg89e8tyihs jogs jkdhg89hjkdsbng', '2017-11-22 14:23:31'),
(13, 37, 35, 0, 'bdhdbbdbdbd djd duf cjd chc cjd xbx chc cjdbdjd fjd did xid did did cjd djd did djd djd djd didjsjf fic  dus fic fif fir gjcn nj h h j h h h h j j j jcjdjdjodj djdjbxjjdjjdjjdjjxjjd dijdnjdjnd didjkdjdjd djdbdic  djdjkdjndjd djdjdjdjjdjdjjdjdjdn b   u h j h h hxjallamdhcjjsnfnvkzo', '2017-11-22 14:31:38'),
(14, 37, 35, 0, 'bdhdbbdbdbd djd duf cjd chc cjd xbx chc cjdbdjd fjd did xid did did cjd djd did djd djd djd didjsjf fic  dus fic fif fir gjcn nj h h j h h h h j j j jcjdjdjodj djdjbxjjdjjdjjdjjxjjd dijdnjdjnd didjkdjdjd djdbdic  djdjkdjndjd djdjdjdjjdjdjjdjdjdn b   u h j h h hxjallamdhcjjsnfnvkzoxjxbd fjd fjd fjd fjd fjd rid fjf fif fif fif fjf fjf fjf fjf jsjdjjkkallalaldnfhfbjcjfbfir fjf  fujab s s s s  s s s s d d d d d d d d d d d d d d d d d d d d d  d d d d d d  d d d d d d d d d', '2017-11-22 14:32:10'),
(15, 32, 10, 1, '20171123123022_2rgin.jpg', '2017-11-23 12:30:22'),
(16, 32, 10, 1, '20171123133921_0IsyS.jpg', '2017-11-23 13:39:21'),
(17, 32, 10, 1, '20171123141818_iWeWI.jpg', '2017-11-23 14:18:18'),
(18, 32, 10, 1, '20171123142507_rTBxn.jpg', '2017-11-23 14:25:07'),
(19, 32, 10, 1, '20171123142850_Ztlks.jpg', '2017-11-23 14:28:50'),
(20, 24, 10, 0, 'Hey ', '2017-11-23 16:06:56'),
(21, 37, 10, 0, 'Hey', '2017-11-23 16:07:29'),
(22, 37, 35, 1, '20171214191653_s5HZ7.jpg', '2017-12-14 19:16:53'),
(23, 41, 33, 0, 'hello guys', '2017-12-28 21:22:46');

-- --------------------------------------------------------

--
-- Table structure for table `be_home_feed`
--

CREATE TABLE `be_home_feed` (
  `home_feed_id` bigint(20) NOT NULL,
  `goal_id` int(11) NOT NULL,
  `user_id` int(11) NOT NULL,
  `action_type` tinyint(2) NOT NULL,
  `goal_stride_id` int(11) NOT NULL DEFAULT '0'
) ENGINE=InnoDB DEFAULT CHARSET=utf8;

--
-- Dumping data for table `be_home_feed`
--

INSERT INTO `be_home_feed` (`home_feed_id`, `goal_id`, `user_id`, `action_type`, `goal_stride_id`) VALUES
(1, 35, 23, 5, 0),
(2, 36, 23, 1, 0),
(3, 37, 35, 1, 0),
(4, 37, 35, 2, 0),
(6, 38, 37, 1, 0),
(7, 19, 33, 2, 0),
(8, 39, 10, 1, 0),
(9, 39, 10, 2, 0),
(10, 33, 10, 2, 38),
(11, 39, 10, 2, 39),
(12, 33, 10, 2, 40),
(13, 40, 10, 1, 0),
(14, 40, 10, 2, 41),
(15, 39, 10, 2, 42),
(16, 41, 39, 1, 0),
(17, 42, 39, 5, 0),
(18, 41, 39, 2, 43),
(19, 41, 39, 2, 44),
(20, 41, 39, 3, 0),
(21, 43, 33, 1, 0),
(22, 44, 39, 1, 0),
(23, 40, 10, 3, 0),
(24, 45, 39, 1, 0),
(25, 45, 39, 2, 45),
(26, 45, 39, 2, 46),
(27, 37, 35, 2, 47),
(28, 37, 35, 2, 48),
(29, 46, 35, 5, 0),
(30, 45, 39, 3, 0),
(31, 44, 39, 2, 49),
(32, 47, 39, 1, 0),
(33, 47, 33, 3, 0),
(34, 20, 33, 2, 50),
(35, 48, 33, 5, 0),
(36, 49, 33, 5, 0);

-- --------------------------------------------------------

--
-- Table structure for table `be_shoutouts_goal`
--

CREATE TABLE `be_shoutouts_goal` (
  `shoutouts_goal_id` int(11) NOT NULL,
  `user_id` int(11) NOT NULL,
  `goal_id` int(11) NOT NULL,
  `created` datetime NOT NULL,
  `updated` datetime NOT NULL
) ENGINE=InnoDB DEFAULT CHARSET=utf8;

--
-- Dumping data for table `be_shoutouts_goal`
--

INSERT INTO `be_shoutouts_goal` (`shoutouts_goal_id`, `user_id`, `goal_id`, `created`, `updated`) VALUES
(1, 1, 1, '2017-11-17 11:23:05', '2017-11-17 11:23:05'),
(3, 1, 1, '2017-11-17 11:39:36', '2017-11-17 11:39:36');

-- --------------------------------------------------------

--
-- Table structure for table `be_users`
--

CREATE TABLE `be_users` (
  `user_id` int(11) NOT NULL,
  `email_id` varchar(255) NOT NULL,
  `password` varchar(100) NOT NULL,
  `display_name` varchar(255) NOT NULL,
  `avatar` varchar(100) NOT NULL DEFAULT 'default.png',
  `motto` varchar(255) NOT NULL DEFAULT '',
  `birthday` date NOT NULL,
  `gender` tinyint(1) NOT NULL DEFAULT '1',
  `expertise_name` varchar(255) NOT NULL,
  `location_name` varchar(255) NOT NULL,
  `goal_count` int(11) NOT NULL DEFAULT '0',
  `community_count` int(11) NOT NULL DEFAULT '0',
  `assist_count` int(11) DEFAULT '0',
  `is_active` tinyint(4) NOT NULL DEFAULT '1',
  `verify_code` varchar(100) NOT NULL,
  `created` datetime NOT NULL,
  `updated` datetime NOT NULL
) ENGINE=InnoDB DEFAULT CHARSET=utf8;

--
-- Dumping data for table `be_users`
--

INSERT INTO `be_users` (`user_id`, `email_id`, `password`, `display_name`, `avatar`, `motto`, `birthday`, `gender`, `expertise_name`, `location_name`, `goal_count`, `community_count`, `assist_count`, `is_active`, `verify_code`, `created`, `updated`) VALUES
(1, 'admin', '21232f297a57a5a743894a0e4a801fc3', 'admin', 'default.png', 'motto', '1992-04-06', 0, 'expertise_name', 'location_name', 8, 0, 0, 1, '', '2017-09-20 00:00:00', '2017-09-26 09:24:26'),
(2, 'admin2', 'c84258e9c39059a89ab77d846ddab909', 'admin', 'default.png', 'motto', '1992-04-06', 0, 'expertise_name', 'September 26, 2017', 0, 0, 0, 1, '', '0000-00-00 00:00:00', '2017-09-26 09:42:30'),
(3, 'admin2s', 'c84258e9c39059a89ab77d846ddab909', 'Test', 'default.png', 'Test', '1992-04-06', 1, '', '', 0, 0, 0, 1, '', '2017-09-20 13:45:06', '2017-09-20 13:45:06'),
(4, 'admin2ssd', 'c84258e9c39059a89ab77d846ddab909', 'Test', 'default.png', 'Test', '1992-04-06', 1, '', '', 0, 0, 0, 1, '', '2017-09-20 13:46:02', '2017-09-20 13:46:02'),
(5, 'user@email.com', '5f4dcc3b5aa765d61d8327deb882cf99', 'Test', 'default.png', 'Test', '1992-04-06', 1, '', '', 0, 0, 0, 1, '', '2017-09-22 11:28:46', '2017-09-22 11:28:46'),
(6, 'user1@email.com', '5f4dcc3b5aa765d61d8327deb882cf99', 'Test', 'default.png', 'Test', '1992-04-06', 1, '', '', 0, 0, 0, 1, 'Tqb04jM4EnUuTFww3PW5jZe8Kv4NdTbyCD3Ru81o8Kscw196WZ', '2017-09-22 11:58:28', '2017-09-22 11:58:28'),
(7, 'user2@email.com', '5f4dcc3b5aa765d61d8327deb882cf99', 'Test', 'default.png', 'Test', '1992-04-06', 1, '', '', 0, 0, 0, 1, 'c3BsI2taKIpGCxh1RQKGS58d6kAJTORQtemt6hVJZcYCRZlBUQ', '2017-09-22 12:09:03', '2017-09-22 12:09:03'),
(8, 'user3@email.com', '5f4dcc3b5aa765d61d8327deb882cf99', 'Test', 'default.png', 'Test', '1992-04-06', 1, '', '', 0, 0, 0, 1, 'CLXHdCwf3oJdUMBIATPZNCrwJQz2HYCSle1VWScWv3vTWxP02M', '2017-09-22 12:12:04', '2017-09-22 12:12:04'),
(9, 'user4@email.com', '5f4dcc3b5aa765d61d8327deb882cf99', 'Test', 'default.png', 'Test', '1992-04-06', 1, '', '', 0, 0, 0, 1, 'X4AA8Pw6LR5b206NfpuBvzKCPfTB3EkrNXe8Kg5qBaC5UfZoYo', '2017-09-22 12:14:56', '2017-09-22 12:14:56'),
(10, 'harry@be.com', '0b4e7a0e5fe84ad35fb5f95b9ceeac79', 'Harry', 'default.png', 'iOSDev', '1992-04-06', 1, 'Swift', 'USA', 8, 0, 0, 1, '1BzVrPtHlmcCiBBk69BF0DA7b2Hv2j5NASveu8VE1o0alcV4IU', '2017-09-22 14:25:03', '2017-11-24 13:06:41'),
(11, 'harry@be1.com', '0b4e7a0e5fe84ad35fb5f95b9ceeac79', 'Test', 'default.png', 'Test', '1992-04-06', 1, '', '', 0, 0, 0, 1, '69L5XsmECkAy1Z0GrCROtQksVSAjq8N2exylapaTV1g7SSWmCG', '2017-09-22 14:27:35', '2017-09-22 14:27:35'),
(12, 'harry@be2.com', '0b4e7a0e5fe84ad35fb5f95b9ceeac79', 'Test', 'default.png', 'Test', '1992-04-06', 1, '', '', 0, 0, 0, 1, '3wg8YFNoexuAmHJPxb9weewdrakIMUjTRaXKsQwlMG4UdJmZ8y', '2017-09-22 14:28:59', '2017-09-22 14:28:59'),
(13, 'h@be.com', '0b4e7a0e5fe84ad35fb5f95b9ceeac79', 'Test', 'default.png', 'Test', '1992-04-06', 1, '', '', 0, 0, 0, 1, 'qXG6ZHozsET1i7oLm3umod4ZKu6jdsEsYGmMHfMV5NCapxwlvG', '2017-09-29 13:03:49', '2017-09-29 13:03:49'),
(14, 'a@be.com', '0b4e7a0e5fe84ad35fb5f95b9ceeac79', 'Test', 'default.png', 'Test', '1992-04-06', 1, '', '', 0, 0, 0, 1, 'PRpexdfhzFriy4NMOwcEIoKKrarcYyyeW8zvmbYZNwBTOUT7DF', '2017-09-29 13:27:35', '2017-09-29 13:27:35'),
(15, 'b@be.com', '0b4e7a0e5fe84ad35fb5f95b9ceeac79', 'Test', 'default.png', 'Test', '1992-04-06', 1, '', '', 0, 0, 0, 1, 'aGNok4J8O9xla9Ab4GBnBzmlwHep8ZlRW5M3NEJrwQ3JTeZ40b', '2017-09-29 13:37:07', '2017-09-29 13:37:07'),
(16, 'c@be.com', '0b4e7a0e5fe84ad35fb5f95b9ceeac79', 'Test', 'default.png', 'Test', '1992-04-06', 1, '', '', 0, 0, 0, 1, 'JmInlEcpTLAQl5riKAYcH6dgmVzf2E2VDwMZYWbxlE1ib6QRjy', '2017-09-29 13:40:59', '2017-09-29 13:40:59'),
(17, 'd@be.com', '0b4e7a0e5fe84ad35fb5f95b9ceeac79', 'ddd', 'default.png', 'dddd', '1992-04-06', 1, 'dddd', 'dddd', 0, 0, 0, 1, 'raCtdJGzxxYtLiqQ2S0eEMMDQfkEcY1o560eAgeelBxtCkbe3J', '2017-09-29 13:43:10', '2017-09-29 13:43:45'),
(18, 'e@be.com', '0b4e7a0e5fe84ad35fb5f95b9ceeac79', 'Eee', 'default.png', 'EEEEE', '1992-04-06', 1, 'EEEE', 'sdfgsdfg', 0, 0, 0, 1, 'gh8TaOI3Do64gWa8Ds2KS0pBeU7rdq6FjLErxzM2MYCfqZXzUA', '2017-09-29 13:56:56', '2017-09-29 13:57:27'),
(19, 'f@be.com', '0b4e7a0e5fe84ad35fb5f95b9ceeac79', 'FFF', 'default.png', 'FFFF', '1992-04-06', 1, 'FFFFF', 'FFFFFFF', 0, 0, 0, 1, 'lIuunYWNAzEGbdUD1PdWzwZu0E2HbVTvcVVdsRpjSisWaeZ4Qp', '2017-09-29 14:02:33', '2017-09-29 14:03:07'),
(20, 'g@be.com', '47bce5c74f589f4867dbd57e9ca9f808', 'ggg', 'default.png', 'ggg', '1992-04-06', 1, 'ggg', 'ggg', 0, 0, 0, 1, 'C57gRdG3HPZ35sJGovMBsD8lG4b5ULfNY8CBZ9cyZC5zdoS0A9', '2017-09-29 14:07:57', '2017-09-29 14:08:20'),
(21, 'h@h.com', '47bce5c74f589f4867dbd57e9ca9f808', 'hhh', 'default.png', 'hhhh', '1992-04-06', 1, 'hhhh', 'hhhh', 0, 0, 0, 1, 'YOSR8KAy407smwXPAaAr7Ylb0c5f6EIydA58KKrafUG0IcKtHI', '2017-09-29 14:09:37', '2017-09-29 14:10:04'),
(22, 'm@be.com', '47bce5c74f589f4867dbd57e9ca9f808', 'MInn', 'default.png', 'Testing', '1992-04-06', 1, 'Testing Exp', 'USA', 0, 0, 0, 1, '4KkiWOLyQSVdNTeHe6F7EJYNxSYkSjfFqGQnPAXmB8xqBsKRsM', '2017-09-29 14:11:31', '2017-09-29 14:12:15'),
(23, 'harryW@be.com', '0b4e7a0e5fe84ad35fb5f95b9ceeac79', 'Harry', 'default.png', 'Testing', '1992-04-06', 1, 'Testing', 'USA', 3, 0, 0, 1, 'QMUCXDMFXeo9S3XUBVaTAT9uHURGeMcvexeJ0PL9VKtpBj2Imk', '2017-09-29 15:07:14', '2017-09-29 15:08:04'),
(24, 'pratik@test.com', '0b4e7a0e5fe84ad35fb5f95b9ceeac79', 'Test', 'default.png', 'Test', '1992-04-06', 1, '', '', 0, 0, 0, 1, 'PtcNX3iFLbfamwlMTx5XyBh6fPaczGglr0UvSGVjQtDr7mAohR', '2017-10-02 17:41:19', '2017-10-02 17:41:19'),
(25, 'pratik@gmail.com', '0b4e7a0e5fe84ad35fb5f95b9ceeac79', 'Test', 'default.png', 'Test', '1992-04-06', 1, '', '', 0, 0, 0, 1, '42PE33q0rkrf8yF0gacbCKOuJ4sDZZgRGbOPMaSPfpF2tXqX4E', '2017-10-02 17:46:22', '2017-10-02 17:46:22'),
(26, 'anc@test.com', '0b4e7a0e5fe84ad35fb5f95b9ceeac79', 'test', 'default.png', 'test', '1992-04-06', 1, 'test3', 'test', 0, 0, 0, 1, 'WNksc4Wg0I3aqgh8RpdQ6CHLzMOv8AeB2jEP2XJPBmCs6h9sLZ', '2017-10-02 17:53:17', '2017-10-02 17:54:40'),
(27, 'test@abc.com', '098f6bcd4621d373cade4e832627b4f6', 'test', 'default.png', 'r', '1992-04-06', 1, 'd', 'd', 0, 0, 0, 1, 'DpmT7vRFa8FBYreanjv5ZII27agbIblnk9I5YocRlaqkvUrrKW', '2017-10-02 17:55:24', '2017-10-02 17:55:58'),
(28, 'test@abc.comq', '0b4e7a0e5fe84ad35fb5f95b9ceeac79', 'Test', 'default.png', 'Motto', '1992-04-06', 1, '', '', 0, 0, 0, 1, 'eVxvYsHnl8VXEwyC8iKLoHlWfncinrvp5mWvJDXX9UkytrbMJA', '2017-10-02 18:01:57', '2017-10-02 18:01:57'),
(29, 'pratikk@gmail.com', '0b4e7a0e5fe84ad35fb5f95b9ceeac79', 'Pratik', 'default.png', 'perfectionist ', '1992-04-06', 1, 'expert', 'Surat', 0, 0, 0, 1, 'w8I0AuvKXoUuVMu6Mof2OQRItma6uh9TAn1ztMquCVPrDdATWK', '2017-10-02 18:04:33', '2017-10-02 18:05:28'),
(30, 'pratikkk@gmail.com', '0b4e7a0e5fe84ad35fb5f95b9ceeac79', 'Pratik', 'default.png', 'test', '1992-04-06', 1, 'test3', 'Isa', 0, 0, 0, 1, 'K3EbuJBd6DLNbUovl5mU7qGOHRvN4RTDmd8Gfd7ZdRViiOPvgP', '2017-10-02 18:15:37', '2017-10-02 18:16:07'),
(31, 'harryy@gmail.com', '0b4e7a0e5fe84ad35fb5f95b9ceeac79', 'test', 'default.png', 'test', '1992-04-06', 1, 'rehash’s', 'USA', 0, 0, 0, 1, 'TCv2mzS2g3ITFHf8OqYXAZ7uulOVKcvYPSl6M59sSwMqSOaRm2', '2017-10-02 18:18:46', '2017-10-02 18:19:18'),
(32, 'j@be.com', '0b4e7a0e5fe84ad35fb5f95b9ceeac79', 'jjjj', 'default.png', 'jjjj', '1992-04-06', 1, 'hjjj', 'hjjj', 4, 0, 0, 1, 'I4L3JKRzb0CPDHaEcb4kM4OB7ToxdaPCuR7z34mBpqArkhdJOn', '2017-10-04 06:48:21', '2017-10-04 14:54:07'),
(33, 'ethompsii@me.com', '3081e94682ed6ed7eed390f716b55a0c', 'Emmanuel ', '20171215230956_xPIms.jpg', 'barbecue or mildew', '1992-04-06', 1, 'hope', 'Raleigh, NC', 6, 0, 0, 1, 'NoUIvSa17wyonxw8d2EadyK2l9rl50E9QtliMvAR1iyJqbnQCn', '2017-10-04 16:06:54', '2017-12-15 23:09:56'),
(34, 'bmbyrd@gmail.com', '296397dd484a6b643d74e1ed158993ae', 'Brandi', 'default.png', 'keep on truckin''', '1992-04-06', 2, 'design', 'Raleigh ', 0, 0, 0, 1, 'PpAYrrHfVA9DFuKHtD4qzfW2KguVbBUqEZn5ramaAnyG20Gg3q', '2017-10-05 15:59:30', '2017-10-05 16:03:13'),
(35, 'iosdev@be.com', '0b4e7a0e5fe84ad35fb5f95b9ceeac79', 'iosDev', '20171215163259_s3crJ.jpg', 'becomeTopDev', '1992-04-06', 1, 'Relationships', 'USA', 1, 0, 0, 1, 'mJ9Lgl68NND3nY1dzqkWqyiANCa6do0jKztBtEFD27YRQhAbs2', '2017-11-16 14:42:59', '2017-12-15 16:32:59'),
(36, 'dev@be.com', '0b4e7a0e5fe84ad35fb5f95b9ceeac79', 'Dev', '20171124141654_3XZeh.jpg', 'iOSDev', '2017-03-27', 1, 'Swift', 'USA', 0, 0, 0, 1, 'TbLn4dZZKMkj5laCZUMknkjLUk3Y2iRRc96pKhzZGN9yIgvLA1', '2017-11-24 13:46:06', '2017-11-24 14:16:54'),
(37, 'harry.dev@be.com', '0b4e7a0e5fe84ad35fb5f95b9ceeac79', 'test', '20171128145116_kFcA3.jpg', 'motto', '1998-11-04', 1, 'testing', 'USA ', 1, 0, 0, 1, 'ct32IK1IKYU0gud64n4g3upicVCWmz3bITHEhJbuXWwqN3MKRv', '2017-11-27 08:50:31', '2017-11-28 14:51:16'),
(38, 'harry.dev1@be.com', '0b4e7a0e5fe84ad35fb5f95b9ceeac79', 'Harry', '20171127092643_7yR3F.jpg', 'dev', '1991-11-27', 1, 'Swift', 'USA', 0, 0, 0, 1, 'gJCBMg2uOpFb1XghmjuHOJenoeZCeESLNP5q5CbgCv9phAGgQS', '2017-11-27 09:11:12', '2017-11-27 09:26:43'),
(39, 'emmanuel@get-be.com', 'fdc68651b467946a538a291a77326b9c', 'Emmanuel ', '20171207211046_SrpdY.jpg', 'created for good works', '1980-12-12', 1, 'design', 'North Carolina', 4, 0, 0, 1, '3vlnLcEYCCQEEh5s2PGdn2LEFo86g30fvgr5xTlSOcISOFQjtM', '2017-12-07 20:20:26', '2017-12-07 21:10:46');

--
-- Indexes for dumped tables
--

--
-- Indexes for table `be_device_token`
--
ALTER TABLE `be_device_token`
  ADD PRIMARY KEY (`device_token_id`);

--
-- Indexes for table `be_expertise`
--
ALTER TABLE `be_expertise`
  ADD PRIMARY KEY (`expertise_id`);

--
-- Indexes for table `be_friends`
--
ALTER TABLE `be_friends`
  ADD PRIMARY KEY (`friend_id`);

--
-- Indexes for table `be_goal`
--
ALTER TABLE `be_goal`
  ADD PRIMARY KEY (`goal_id`);

--
-- Indexes for table `be_goal_category`
--
ALTER TABLE `be_goal_category`
  ADD PRIMARY KEY (`goal_category_id`);

--
-- Indexes for table `be_goal_invitation`
--
ALTER TABLE `be_goal_invitation`
  ADD PRIMARY KEY (`goal_invitation_id`);

--
-- Indexes for table `be_goal_like`
--
ALTER TABLE `be_goal_like`
  ADD PRIMARY KEY (`like_id`);

--
-- Indexes for table `be_goal_steps`
--
ALTER TABLE `be_goal_steps`
  ADD PRIMARY KEY (`goal_step_id`);

--
-- Indexes for table `be_goal_stride`
--
ALTER TABLE `be_goal_stride`
  ADD PRIMARY KEY (`goal_stride_id`);

--
-- Indexes for table `be_goal_team`
--
ALTER TABLE `be_goal_team`
  ADD PRIMARY KEY (`goal_team_id`);

--
-- Indexes for table `be_group_message`
--
ALTER TABLE `be_group_message`
  ADD PRIMARY KEY (`msg_id`);

--
-- Indexes for table `be_home_feed`
--
ALTER TABLE `be_home_feed`
  ADD PRIMARY KEY (`home_feed_id`);

--
-- Indexes for table `be_shoutouts_goal`
--
ALTER TABLE `be_shoutouts_goal`
  ADD PRIMARY KEY (`shoutouts_goal_id`);

--
-- Indexes for table `be_users`
--
ALTER TABLE `be_users`
  ADD PRIMARY KEY (`user_id`),
  ADD UNIQUE KEY `email_id` (`email_id`(100));

--
-- AUTO_INCREMENT for dumped tables
--

--
-- AUTO_INCREMENT for table `be_device_token`
--
ALTER TABLE `be_device_token`
  MODIFY `device_token_id` int(11) NOT NULL AUTO_INCREMENT, AUTO_INCREMENT=10;
--
-- AUTO_INCREMENT for table `be_expertise`
--
ALTER TABLE `be_expertise`
  MODIFY `expertise_id` int(11) NOT NULL AUTO_INCREMENT, AUTO_INCREMENT=5;
--
-- AUTO_INCREMENT for table `be_friends`
--
ALTER TABLE `be_friends`
  MODIFY `friend_id` int(11) NOT NULL AUTO_INCREMENT, AUTO_INCREMENT=13;
--
-- AUTO_INCREMENT for table `be_goal`
--
ALTER TABLE `be_goal`
  MODIFY `goal_id` int(11) NOT NULL AUTO_INCREMENT, AUTO_INCREMENT=50;
--
-- AUTO_INCREMENT for table `be_goal_category`
--
ALTER TABLE `be_goal_category`
  MODIFY `goal_category_id` int(11) NOT NULL AUTO_INCREMENT, AUTO_INCREMENT=7;
--
-- AUTO_INCREMENT for table `be_goal_invitation`
--
ALTER TABLE `be_goal_invitation`
  MODIFY `goal_invitation_id` int(11) NOT NULL AUTO_INCREMENT, AUTO_INCREMENT=37;
--
-- AUTO_INCREMENT for table `be_goal_like`
--
ALTER TABLE `be_goal_like`
  MODIFY `like_id` int(11) NOT NULL AUTO_INCREMENT, AUTO_INCREMENT=19;
--
-- AUTO_INCREMENT for table `be_goal_steps`
--
ALTER TABLE `be_goal_steps`
  MODIFY `goal_step_id` bigint(20) NOT NULL AUTO_INCREMENT, AUTO_INCREMENT=79;
--
-- AUTO_INCREMENT for table `be_goal_stride`
--
ALTER TABLE `be_goal_stride`
  MODIFY `goal_stride_id` int(11) NOT NULL AUTO_INCREMENT, AUTO_INCREMENT=51;
--
-- AUTO_INCREMENT for table `be_goal_team`
--
ALTER TABLE `be_goal_team`
  MODIFY `goal_team_id` int(11) NOT NULL AUTO_INCREMENT, AUTO_INCREMENT=35;
--
-- AUTO_INCREMENT for table `be_group_message`
--
ALTER TABLE `be_group_message`
  MODIFY `msg_id` int(11) NOT NULL AUTO_INCREMENT, AUTO_INCREMENT=24;
--
-- AUTO_INCREMENT for table `be_home_feed`
--
ALTER TABLE `be_home_feed`
  MODIFY `home_feed_id` bigint(20) NOT NULL AUTO_INCREMENT, AUTO_INCREMENT=37;
--
-- AUTO_INCREMENT for table `be_shoutouts_goal`
--
ALTER TABLE `be_shoutouts_goal`
  MODIFY `shoutouts_goal_id` int(11) NOT NULL AUTO_INCREMENT, AUTO_INCREMENT=4;
--
-- AUTO_INCREMENT for table `be_users`
--
ALTER TABLE `be_users`
  MODIFY `user_id` int(11) NOT NULL AUTO_INCREMENT, AUTO_INCREMENT=40;
/*!40101 SET CHARACTER_SET_CLIENT=@OLD_CHARACTER_SET_CLIENT */;
/*!40101 SET CHARACTER_SET_RESULTS=@OLD_CHARACTER_SET_RESULTS */;
/*!40101 SET COLLATION_CONNECTION=@OLD_COLLATION_CONNECTION */;
